{
  "mappedPoints": [
    {
      "easting": 416921.299,
      "northing": 3156859.968
    },
    {
      "easting": 414120.524,
      "northing": 3160499.44
    },
    {
      "easting": 370419.814,
      "northing": 3217953.991
    },
    {
      "easting": 358195.25,
      "northing": 3246755.792
    }
  ],
  "flipSum": [
    "108.268931 km",
    "103.668931 km",
    "31.368720 km"
  ],
  "distance": "108.268931 km",
  "legsSum": [
    "4.600000 km",
    "76.900211 km",
    "108.268931 km"
  ],
  "legs": [
    "4.600000 km",
    "72.300211 km",
    "31.368720 km"
  ],
  "mappedZones": [
    {
      "lngZone": 17,
      "latZone": "R"
    }
  ]
}
