{
  "mappedPoints": [
    {
      "easting": 416919.034,
      "northing": 3156858.23
    },
    {
      "easting": 414092.211,
      "northing": 3160477.717
    },
    {
      "easting": 370383.594,
      "northing": 3218015.352
    },
    {
      "easting": 358178.705,
      "northing": 3246749.045
    }
  ],
  "flipSum": [
    "108.269586 km",
    "103.669586 km",
    "31.298122 km"
  ],
  "distance": "108.269586 km",
  "legsSum": [
    "4.600000 km",
    "76.971464 km",
    "108.269586 km"
  ],
  "legs": [
    "4.600000 km",
    "72.371464 km",
    "31.298122 km"
  ],
  "mappedZones": [
    {
      "lngZone": 17,
      "latZone": "R"
    }
  ]
}
