{
  "mappedPoints": [
    {
      "easting": 416919.041,
      "northing": 3156858.23
    },
    {
      "easting": 414093.25,
      "northing": 3160477.71
    },
    {
      "easting": 370382.622,
      "northing": 3218015.363
    },
    {
      "easting": 358178.732,
      "northing": 3246749.056
    }
  ],
  "flipSum": [
    "108.269785 km",
    "103.670423 km",
    "31.297734 km"
  ],
  "distance": "108.269785 km",
  "legsSum": [
    "4.599362 km",
    "76.972051 km",
    "108.269785 km"
  ],
  "legs": [
    "4.599362 km",
    "72.372689 km",
    "31.297734 km"
  ],
  "mappedZones": [
    {
      "lngZone": 17,
      "latZone": "R"
    }
  ]
}
