{
  "mappedPoints": [
    {
      "easting": 417190.619,
      "northing": 3156145.765
    },
    {
      "easting": 417487.039,
      "northing": 3151571.877
    },
    {
      "easting": 418373.506,
      "northing": 3139461.995
    },
    {
      "easting": 407447.803,
      "northing": 3125864.545
    }
  ],
  "flipSum": [
    "34.257879 km",
    "29.657879 km",
    "17.471769 km"
  ],
  "distance": "34.257879 km",
  "legsSum": [
    "4.600000 km",
    "16.786111 km",
    "34.257879 km"
  ],
  "legs": [
    "4.600000 km",
    "12.186111 km",
    "17.471769 km"
  ],
  "mappedZones": [
    {
      "lngZone": 17,
      "latZone": "R"
    }
  ]
}
