{
  "mappedPoints": [
    {
      "easting": 417193.472,
      "northing": 3156145.958
    },
    {
      "easting": 417522.712,
      "northing": 3151574.29
    },
    {
      "easting": 418382.142,
      "northing": 3139489.122
    },
    {
      "easting": 407372.807,
      "northing": 3125925.028
    }
  ],
  "flipSum": [
    "34.257407 km",
    "29.657407 km",
    "17.497967 km"
  ],
  "distance": "34.257407 km",
  "legsSum": [
    "4.600000 km",
    "16.759440 km",
    "34.257407 km"
  ],
  "legs": [
    "4.600000 km",
    "12.159440 km",
    "17.497967 km"
  ],
  "mappedZones": [
    {
      "lngZone": 17,
      "latZone": "R"
    }
  ]
}
