{
  "mappedPoints": [
    {
      "easting": 417193.473,
      "northing": 3156145.958
    },
    {
      "easting": 417522.878,
      "northing": 3151574.302
    },
    {
      "easting": 418382.166,
      "northing": 3139489.121
    },
    {
      "easting": 407369.49,
      "northing": 3125925.054
    }
  ],
  "flipSum": [
    "34.259485 km",
    "29.659486 km",
    "17.500043 km"
  ],
  "distance": "34.259485 km",
  "legsSum": [
    "4.599999 km",
    "16.759442 km",
    "34.259485 km"
  ],
  "legs": [
    "4.599999 km",
    "12.159442 km",
    "17.500043 km"
  ],
  "mappedZones": [
    {
      "lngZone": 17,
      "latZone": "R"
    }
  ]
}
