{
  "mappedPoints": [
    {
      "easting": 417193.473,
      "northing": 3156145.958
    },
    {
      "easting": 417522.878,
      "northing": 3151574.302
    },
    {
      "easting": 419470.18,
      "northing": 3126185.873
    },
    {
      "easting": 422358.288,
      "northing": 3115800.061
    }
  ],
  "flipSum": [
    "40.970438 km",
    "36.370438 km",
    "10.815354 km"
  ],
  "distance": "40.970438 km",
  "legsSum": [
    "4.599999 km",
    "30.155084 km",
    "40.970438 km"
  ],
  "legs": [
    "4.599999 km",
    "25.555084 km",
    "10.815354 km"
  ],
  "mappedZones": [
    {
      "lngZone": 17,
      "latZone": "R"
    }
  ]
}
