{
  "mappedPoints": [
    {
      "easting": 417197.75,
      "northing": 3156146.285
    },
    {
      "easting": 417576.187,
      "northing": 3151578.384
    },
    {
      "easting": 419471.467,
      "northing": 3126178.875
    },
    {
      "easting": 422477.61,
      "northing": 3115838.238
    }
  ],
  "flipSum": [
    "40.966081 km",
    "36.366081 km",
    "10.803801 km"
  ],
  "distance": "40.966081 km",
  "legsSum": [
    "4.600000 km",
    "30.162280 km",
    "40.966081 km"
  ],
  "legs": [
    "4.600000 km",
    "25.562280 km",
    "10.803801 km"
  ],
  "mappedZones": [
    {
      "lngZone": 17,
      "latZone": "R"
    }
  ]
}
