{
  "mappedPoints": [
    {
      "easting": 417193.472,
      "northing": 3156145.958
    },
    {
      "easting": 417522.712,
      "northing": 3151574.29
    },
    {
      "easting": 419470.182,
      "northing": 3126185.873
    },
    {
      "easting": 422354.743,
      "northing": 3115800.084
    }
  ],
  "flipSum": [
    "40.969473 km",
    "36.369473 km",
    "10.814388 km"
  ],
  "distance": "40.969473 km",
  "legsSum": [
    "4.600000 km",
    "30.155085 km",
    "40.969473 km"
  ],
  "legs": [
    "4.600000 km",
    "25.555085 km",
    "10.814388 km"
  ],
  "mappedZones": [
    {
      "lngZone": 17,
      "latZone": "R"
    }
  ]
}
