{
  "mappedPoints": [
    {
      "easting": 417398.05,
      "northing": 3156219.407
    },
    {
      "easting": 420080.514,
      "northing": 3152492.886
    },
    {
      "easting": 432852.368,
      "northing": 3135471.181
    },
    {
      "easting": 447926.059,
      "northing": 3052498.268
    }
  ],
  "flipSum": [
    "110.550208 km",
    "105.950238 km",
    "84.632352 km"
  ],
  "distance": "110.550208 km",
  "legsSum": [
    "4.599970 km",
    "25.917857 km",
    "110.550208 km"
  ],
  "legs": [
    "4.599970 km",
    "21.317887 km",
    "84.632352 km"
  ],
  "mappedZones": [
    {
      "lngZone": 17,
      "latZone": "R"
    }
  ]
}
