{
  "mappedPoints": [
    {
      "easting": 417398.046,
      "northing": 3156219.404
    },
    {
      "easting": 420079.863,
      "northing": 3152492.385
    },
    {
      "easting": 432852.372,
      "northing": 3135471.168
    },
    {
      "easting": 447926.056,
      "northing": 3052498.268
    }
  ],
  "flipSum": [
    "110.550223 km",
    "105.950223 km",
    "84.632338 km"
  ],
  "distance": "110.550223 km",
  "legsSum": [
    "4.600000 km",
    "25.917886 km",
    "110.550223 km"
  ],
  "legs": [
    "4.600000 km",
    "21.317886 km",
    "84.632338 km"
  ],
  "mappedZones": [
    {
      "lngZone": 17,
      "latZone": "R"
    }
  ]
}
