{
  "mappedPoints": [
    {
      "easting": 417402.674,
      "northing": 3156222.749
    },
    {
      "easting": 420137.711,
      "northing": 3152534.204
    },
    {
      "easting": 432843.709,
      "northing": 3135490.692
    },
    {
      "easting": 447933.087,
      "northing": 3052499.563
    }
  ],
  "flipSum": [
    "110.549326 km",
    "105.949326 km",
    "84.653129 km"
  ],
  "distance": "110.549326 km",
  "legsSum": [
    "4.600000 km",
    "25.896198 km",
    "110.549326 km"
  ],
  "legs": [
    "4.600000 km",
    "21.296198 km",
    "84.653129 km"
  ],
  "mappedZones": [
    {
      "lngZone": 17,
      "latZone": "R"
    }
  ]
}
